Player,Season,Unnamed: 0,G,A,TKA
Adam Henrique,2015-16,62482.5,0.375,0.25,0.475
Adam Henrique,2016-17,62401.5,0.24390243902439024,0.24390243902439024,0.5487804878048781
Adam Henrique,2017-18,62318.0,0.2823529411764706,0.3058823529411765,0.49411764705882355
Adam Henrique,2018-19,62234.5,0.21951219512195122,0.2926829268292683,0.47560975609756095
Adam Henrique,2019-20,62158.0,0.36619718309859156,0.23943661971830985,0.36619718309859156
Adam Henrique,2020-21,62100.0,0.26666666666666666,0.2,0.24444444444444444
Adam Henrique,2021-22,62048.5,0.3275862068965517,0.39655172413793105,0.3103448275862069
Adam Henrique,2022-23,61988.5,0.3548387096774194,0.25806451612903225,0.41935483870967744
Adam Henrique,2023-24,61908.0,0.2828282828282828,0.30303030303030304,0.37373737373737376
Adrian Kempe,2016-17,53350.0,0.08,0.16,0.2
Adrian Kempe,2017-18,53295.0,0.18823529411764706,0.24705882352941178,0.3058823529411765
Adrian Kempe,2018-19,53212.0,0.14814814814814814,0.19753086419753085,0.24691358024691357
Adrian Kempe,2019-20,53137.0,0.15942028985507245,0.30434782608695654,0.34782608695652173
Adrian Kempe,2020-21,53074.5,0.25,0.26785714285714285,0.26785714285714285
Adrian Kempe,2021-22,53004.0,0.43529411764705883,0.27058823529411763,0.4
Adrian Kempe,2022-23,52917.5,0.5227272727272727,0.32954545454545453,0.3409090909090909
Adrian Kempe,2023-24,53118.0,0.3902439024390244,0.5853658536585366,0.3902439024390244
Aleksander Barkov,2015-16,2153.5,0.4166666666666667,0.4444444444444444,0.7777777777777778
Aleksander Barkov,2016-17,2087.0,0.3442622950819672,0.5081967213114754,0.8032786885245902
Aleksander Barkov,2017-18,2017.0,0.34177215189873417,0.6455696202531646,1.0379746835443038
Aleksander Barkov,2018-19,1936.5,0.4268292682926829,0.7439024390243902,1.2195121951219512
Aleksander Barkov,2019-20,1860.5,0.3,0.6428571428571429,0.7428571428571429
Aleksander Barkov,2020-21,1797.5,0.48214285714285715,0.6785714285714286,0.7321428571428571
Aleksander Barkov,2021-22,1731.0,0.5324675324675324,0.7012987012987013,0.8961038961038961
Aleksander Barkov,2022-23,1648.0,0.3146067415730337,0.7415730337078652,0.898876404494382
Aleksander Barkov,2023-24,1555.0,0.31958762886597936,0.7319587628865979,0.979381443298969
Alex Debrincat,2017-18,10508.5,0.34146341463414637,0.2926829268292683,0.4024390243902439
Alex Debrincat,2018-19,10426.5,0.5,0.4268292682926829,0.6219512195121951
Alex Debrincat,2019-20,10346.0,0.25316455696202533,0.3924050632911392,0.569620253164557
Alex Debrincat,2020-21,10280.5,0.6153846153846154,0.46153846153846156,0.5961538461538461
Alex Debrincat,2021-22,10213.5,0.5,0.45121951219512196,0.8170731707317073
Alex Debrincat,2022-23,10131.5,0.32926829268292684,0.47560975609756095,0.5365853658536586
Alex Debrincat,2023-24,10437.5,0.32926829268292684,0.4878048780487805,0.5975609756097561
Alex Ovechkin,2015-16,23995.0,0.6043956043956044,0.3076923076923077,0.32967032967032966
Alex Ovechkin,2016-17,23902.0,0.4,0.4105263157894737,0.37894736842105264
Alex Ovechkin,2017-18,23801.5,0.6037735849056604,0.4716981132075472,0.36792452830188677
Alex Ovechkin,2018-19,23704.5,0.625,0.48863636363636365,0.5909090909090909
Alex Ovechkin,2019-20,23622.5,0.6842105263157895,0.2631578947368421,0.3815789473684211
Alex Ovechkin,2020-21,23559.5,0.52,0.4,0.3
Alex Ovechkin,2021-22,23493.0,0.6144578313253012,0.5421686746987951,0.42168674698795183
Alex Ovechkin,2022-23,23415.0,0.5753424657534246,0.4520547945205479,0.4246575342465753
Alex Ovechkin,2023-24,23337.0,0.37349397590361444,0.40963855421686746,0.3132530120481928
Alex Tuch,2016-17,11909.5,0.0,0.0,0.3333333333333333
Alex Tuch,2017-18,11857.5,0.21428571428571427,0.2653061224489796,0.7142857142857143
Alex Tuch,2018-19,11768.0,0.25925925925925924,0.4074074074074074,0.8888888888888888
Alex Tuch,2019-20,11696.5,0.25806451612903225,0.20967741935483872,0.5806451612903226
Alex Tuch,2020-21,11628.5,0.2972972972972973,0.2702702702702703,0.7027027027027027
Alex Tuch,2021-22,11566.5,0.24,0.52,0.8
Alex Tuch,2022-23,11504.5,0.4864864864864865,0.581081081081081,0.8648648648648649
Alex Tuch,2023-24,11690.0,0.29333333333333333,0.49333333333333335,1.0933333333333333
Anze Kopitar,2015-16,54729.5,0.313953488372093,0.5930232558139535,0.5
Anze Kopitar,2016-17,54648.5,0.15789473684210525,0.5263157894736842,0.3815789473684211
Anze Kopitar,2017-18,54567.5,0.4186046511627907,0.6744186046511628,0.6744186046511628
Anze Kopitar,2018-19,54484.0,0.2716049382716049,0.4691358024691358,0.7037037037037037
Anze Kopitar,2019-20,54408.5,0.3,0.5857142857142857,0.5571428571428572
Anze Kopitar,2020-21,54345.5,0.23214285714285715,0.6607142857142857,0.21428571428571427
Anze Kopitar,2021-22,54273.5,0.22727272727272727,0.5795454545454546,0.5795454545454546
Anze Kopitar,2022-23,54185.5,0.3409090909090909,0.5795454545454546,0.5909090909090909
Anze Kopitar,2023-24,54098.5,0.313953488372093,0.5348837209302325,0.5930232558139535
Artemi Panarin,2015-16,17036.0,0.367816091954023,0.5977011494252874,0.42528735632183906
Artemi Panarin,2016-17,16949.5,0.36046511627906974,0.5116279069767442,0.7209302325581395
Artemi Panarin,2017-18,16863.0,0.3333333333333333,0.6896551724137931,0.8275862068965517
Artemi Panarin,2018-19,16775.0,0.3707865168539326,0.7303370786516854,0.47191011235955055
Artemi Panarin,2019-20,16694.5,0.4583333333333333,0.8888888888888888,0.8055555555555556
Artemi Panarin,2020-21,16637.5,0.40476190476190477,0.9761904761904762,0.5
Artemi Panarin,2021-22,16569.0,0.29473684210526313,0.8842105263157894,0.7578947368421053
Artemi Panarin,2022-23,16477.0,0.3258426966292135,0.7303370786516854,0.4044943820224719
Artemi Panarin,2023-24,16383.5,0.5510204081632653,0.826530612244898,0.3673469387755102
Auston Matthews,2016-17,4992.5,0.5,0.3409090909090909,0.9090909090909091
Auston Matthews,2017-18,4914.0,0.5072463768115942,0.43478260869565216,0.9565217391304348
Auston Matthews,2018-19,4842.0,0.56,0.49333333333333335,0.8533333333333334
Auston Matthews,2019-20,4767.0,0.6533333333333333,0.49333333333333335,1.1333333333333333
Auston Matthews,2020-21,4700.0,0.711864406779661,0.4915254237288136,1.0338983050847457
Auston Matthews,2021-22,4630.5,0.8,0.6375,1.2625
Auston Matthews,2022-23,4548.0,0.5294117647058824,0.6,0.9647058823529412
Auston Matthews,2023-24,4771.0,0.813953488372093,0.47674418604651164,1.0232558139534884
Blake Coleman,2016-17,58832.0,0.043478260869565216,0.043478260869565216,0.5217391304347826
Blake Coleman,2017-18,58778.5,0.17857142857142858,0.14285714285714285,0.8690476190476191
Blake Coleman,2018-19,58697.5,0.28205128205128205,0.1794871794871795,0.6410256410256411
Blake Coleman,2019-20,58613.0,0.2857142857142857,0.2087912087912088,0.6703296703296703
Blake Coleman,2020-21,58528.5,0.21794871794871795,0.32051282051282054,0.5
Blake Coleman,2021-22,58443.0,0.1935483870967742,0.21505376344086022,0.43010752688172044
Blake Coleman,2022-23,58355.5,0.21951219512195122,0.24390243902439024,0.43902439024390244
Blake Coleman,2023-24,58579.0,0.38461538461538464,0.3076923076923077,0.5512820512820513
Brad Marchand,2015-16,3612.0,0.4805194805194805,0.3116883116883117,0.5584415584415584
Brad Marchand,2016-17,3530.5,0.46511627906976744,0.5697674418604651,0.8488372093023255
Brad Marchand,2017-18,3447.5,0.475,0.8,0.825
Brad Marchand,2018-19,3356.0,0.4368932038834951,0.7572815533980582,0.7378640776699029
Brad Marchand,2019-20,3263.0,0.42168674698795183,0.7710843373493976,0.6024096385542169
Brad Marchand,2020-21,3189.5,0.578125,0.6875,0.71875
Brad Marchand,2021-22,3119.0,0.4675324675324675,0.7142857142857143,0.5584415584415584
Brad Marchand,2022-23,3040.5,0.3125,0.65,0.575
Brad Marchand,2023-24,2954.0,0.34408602150537637,0.4838709677419355,0.6129032258064516
Brady Tkachuk,2018-19,12906.0,0.30985915492957744,0.323943661971831,0.30985915492957744
Brady Tkachuk,2019-20,12835.0,0.29577464788732394,0.323943661971831,0.49295774647887325
Brady Tkachuk,2020-21,12771.5,0.30357142857142855,0.3392857142857143,0.5892857142857143
Brady Tkachuk,2021-22,12704.0,0.379746835443038,0.46835443037974683,0.5189873417721519
Brady Tkachuk,2022-23,12623.5,0.4268292682926829,0.5853658536585366,0.36585365853658536
Brady Tkachuk,2023-24,12932.75,0.4567901234567901,0.4567901234567901,0.5925925925925926
Brayden Point,2016-17,7831.5,0.2647058823529412,0.3235294117647059,0.4411764705882353
Brayden Point,2017-18,7748.0,0.3939393939393939,0.43434343434343436,0.6666666666666666
Brayden Point,2018-19,7657.0,0.5060240963855421,0.6144578313253012,0.43373493975903615
Brayden Point,2019-20,7571.0,0.43820224719101125,0.651685393258427,0.5056179775280899
Brayden Point,2020-21,7487.0,0.46835443037974683,0.43037974683544306,0.5063291139240507
Brayden Point,2021-22,7410.0,0.4,0.44,0.48
Brayden Point,2022-23,7328.5,0.6022727272727273,0.5227272727272727,0.6136363636363636
Brayden Point,2023-24,7575.0,0.5581395348837209,0.5465116279069767,0.47674418604651164
Brock Nelson,2015-16,22714.5,0.29347826086956524,0.1956521739130435,0.5978260869565217
Brock Nelson,2016-17,22628.0,0.24691358024691357,0.30864197530864196,0.5308641975308642
Brock Nelson,2017-18,22546.5,0.23170731707317074,0.1951219512195122,0.4146341463414634
Brock Nelson,2018-19,22460.5,0.32222222222222224,0.3111111111111111,0.6666666666666666
Brock Nelson,2019-20,22370.5,0.3888888888888889,0.4111111111111111,0.5444444444444444
Brock Nelson,2020-21,22288.0,0.3333333333333333,0.26666666666666666,0.37333333333333335
Brock Nelson,2021-22,22214.5,0.5138888888888888,0.3055555555555556,0.6805555555555556
Brock Nelson,2022-23,22134.5,0.4318181818181818,0.4772727272727273,0.6136363636363636
Brock Nelson,2023-24,22047.0,0.41379310344827586,0.42528735632183906,0.45977011494252873
Cale Makar,2018-19,38397.5,0.1,0.5,1.0
Cale Makar,2019-20,38356.5,0.2222222222222222,0.6805555555555556,0.5416666666666666
Cale Makar,2020-21,38293.5,0.18518518518518517,0.8148148148148148,0.7407407407407407
Cale Makar,2021-22,38218.0,0.3711340206185567,0.8144329896907216,0.7525773195876289
Cale Makar,2022-23,38136.5,0.2727272727272727,0.803030303030303,0.9242424242424242
Cale Makar,2023-24,38415.75,0.29545454545454547,0.8977272727272727,0.9204545454545454
Charlie Coyle,2015-16,4375.5,0.25,0.25,0.45454545454545453
Charlie Coyle,2016-17,4288.0,0.22988505747126436,0.4367816091954023,0.40229885057471265
Charlie Coyle,2017-18,4209.0,0.15492957746478872,0.36619718309859156,0.43661971830985913
Charlie Coyle,2018-19,4121.0,0.2,0.2761904761904762,0.5333333333333333
Charlie Coyle,2019-20,4027.0,0.2289156626506024,0.27710843373493976,0.6987951807228916
Charlie Coyle,2020-21,3954.5,0.12903225806451613,0.1774193548387097,0.532258064516129
Charlie Coyle,2021-22,3879.0,0.20224719101123595,0.3595505617977528,0.4606741573033708
Charlie Coyle,2022-23,3790.0,0.19101123595505617,0.33707865168539325,0.7078651685393258
Charlie Coyle,2023-24,3698.0,0.2736842105263158,0.4105263157894737,0.6210526315789474
Chris Kreider,2015-16,18451.5,0.27380952380952384,0.2619047619047619,0.2857142857142857
Chris Kreider,2016-17,18366.0,0.3563218390804598,0.2988505747126437,0.2413793103448276
Chris Kreider,2017-18,18293.5,0.27586206896551724,0.3620689655172414,0.3103448275862069
Chris Kreider,2018-19,18225.0,0.35443037974683544,0.3037974683544304,0.3924050632911392
Chris Kreider,2019-20,18152.5,0.3787878787878788,0.3333333333333333,0.3484848484848485
Chris Kreider,2020-21,18094.5,0.4,0.2,0.34
Chris Kreider,2021-22,18019.0,0.6138613861386139,0.3069306930693069,0.39603960396039606
Chris Kreider,2022-23,17925.5,0.4883720930232558,0.2441860465116279,0.38372093023255816
Chris Kreider,2023-24,17833.5,0.47959183673469385,0.40816326530612246,0.2857142857142857
Clayton Keller,2016-17,45180.0,0.0,0.6666666666666666,0.3333333333333333
Clayton Keller,2017-18,45137.5,0.2804878048780488,0.5121951219512195,0.5121951219512195
Clayton Keller,2018-19,45055.5,0.17073170731707318,0.4024390243902439,0.5609756097560976
Clayton Keller,2019-20,44975.0,0.26582278481012656,0.379746835443038,0.5316455696202531
Clayton Keller,2020-21,44907.5,0.25,0.375,0.4107142857142857
Clayton Keller,2021-22,44846.0,0.417910447761194,0.5223880597014925,0.9104477611940298
Clayton Keller,2022-23,44771.5,0.45121951219512196,0.5975609756097561,0.7073170731707317
Clayton Keller,2023-24,44956.0,0.4230769230769231,0.5512820512820513,0.5512820512820513
Cole Caufield,2020-21,15342.5,0.26666666666666666,0.3,0.36666666666666664
Cole Caufield,2021-22,15294.0,0.34328358208955223,0.29850746268656714,0.47761194029850745
Cole Caufield,2022-23,15237.5,0.5652173913043478,0.21739130434782608,0.41304347826086957
Cole Caufield,2023-24,15497.666666666666,0.34146341463414637,0.45121951219512196,0.4024390243902439
Connor Bedard,2023-24,46815.5,0.3235294117647059,0.5735294117647058,0.6911764705882353
Connor Mcdavid,2015-16,51271.0,0.35555555555555557,0.7111111111111111,0.7333333333333333
Connor Mcdavid,2016-17,51201.0,0.3684210526315789,0.7789473684210526,0.9157894736842105
Connor Mcdavid,2017-18,51112.5,0.5,0.8170731707317073,1.353658536585366
Connor Mcdavid,2018-19,51032.5,0.5256410256410257,0.9615384615384616,1.2692307692307692
Connor Mcdavid,2019-20,50959.5,0.5735294117647058,0.9852941176470589,0.8235294117647058
Connor Mcdavid,2020-21,50895.5,0.5666666666666667,1.25,0.6833333333333333
Connor Mcdavid,2021-22,50817.5,0.5625,1.0625,0.90625
Connor Mcdavid,2022-23,50722.5,0.7659574468085106,1.074468085106383,1.0106382978723405
Connor Mcdavid,2023-24,50625.0,0.39603960396039606,1.3267326732673268,0.9207920792079208
David Pastrnak,2015-16,2882.0,0.29411764705882354,0.21568627450980393,0.6862745098039216
David Pastrnak,2016-17,2816.0,0.4444444444444444,0.4691358024691358,0.6666666666666666
David Pastrnak,2017-18,2728.5,0.43617021276595747,0.6276595744680851,0.574468085106383
David Pastrnak,2018-19,2636.5,0.5222222222222223,0.5888888888888889,0.6
David Pastrnak,2019-20,2551.5,0.6375,0.675,0.6875
David Pastrnak,2020-21,2482.0,0.4576271186440678,0.6101694915254238,0.5254237288135594
David Pastrnak,2021-22,2413.0,0.5443037974683544,0.5063291139240507,0.5189873417721519
David Pastrnak,2022-23,2329.0,0.7415730337078652,0.5842696629213483,0.6179775280898876
David Pastrnak,2023-24,2237.0,0.5368421052631579,0.7052631578947368,0.6105263157894737
Drake Batherson,2018-19,14143.5,0.15,0.3,0.35
Drake Batherson,2019-20,14122.0,0.13043478260869565,0.30434782608695654,0.21739130434782608
Drake Batherson,2020-21,14082.5,0.30357142857142855,0.30357142857142855,0.26785714285714285
Drake Batherson,2021-22,14031.5,0.3695652173913043,0.5869565217391305,0.45652173913043476
Drake Batherson,2022-23,13967.5,0.2682926829268293,0.4878048780487805,0.4634146341463415
Drake Batherson,2023-24,14178.75,0.34146341463414637,0.4634146341463415,0.5609756097560976
Dylan Larkin,2015-16,9966.0,0.2823529411764706,0.25882352941176473,0.5058823529411764
Dylan Larkin,2016-17,9883.5,0.2125,0.1875,0.6125
Dylan Larkin,2017-18,9802.5,0.1951219512195122,0.573170731707317,0.6829268292682927
Dylan Larkin,2018-19,9723.5,0.42105263157894735,0.5394736842105263,0.9078947368421053
Dylan Larkin,2019-20,9650.0,0.2676056338028169,0.4788732394366197,0.6056338028169014
Dylan Larkin,2020-21,9592.5,0.20454545454545456,0.3181818181818182,0.4772727272727273
Dylan Larkin,2021-22,9535.0,0.43661971830985913,0.5352112676056338,0.5352112676056338
Dylan Larkin,2022-23,9459.5,0.4,0.5875,0.7
Dylan Larkin,2023-24,9385.5,0.4852941176470588,0.5294117647058824,0.7058823529411765
Dylan Strome,2016-17,23206.0,0.0,0.14285714285714285,0.42857142857142855
Dylan Strome,2017-18,23192.0,0.19047619047619047,0.23809523809523808,0.5714285714285714
Dylan Strome,2018-19,23142.5,0.2564102564102564,0.47435897435897434,0.6025641025641025
Dylan Strome,2019-20,23070.0,0.208955223880597,0.40298507462686567,0.5373134328358209
Dylan Strome,2020-21,23016.5,0.225,0.2,0.425
Dylan Strome,2021-22,22962.0,0.3188405797101449,0.37681159420289856,0.6811594202898551
Dylan Strome,2022-23,22887.0,0.2839506172839506,0.5185185185185185,0.5555555555555556
Dylan Strome,2023-24,23028.0,0.32558139534883723,0.47674418604651164,0.5
Elias Pettersson,2018-19,50254.0,0.39436619718309857,0.5352112676056338,0.5774647887323944
Elias Pettersson,2019-20,50176.0,0.4,0.5882352941176471,0.5058823529411764
Elias Pettersson,2020-21,50120.5,0.38461538461538464,0.4230769230769231,0.4230769230769231
Elias Pettersson,2021-22,50067.5,0.4,0.45,0.7
Elias Pettersson,2022-23,49987.5,0.4875,0.7875,0.7
Elias Pettersson,2023-24,50299.0,0.3684210526315789,0.631578947368421,0.6105263157894737
Erik Karlsson,2015-16,26688.5,0.1951219512195122,0.8048780487804879,0.7439024390243902
Erik Karlsson,2016-17,26599.5,0.19791666666666666,0.7291666666666666,0.78125
Erik Karlsson,2017-18,26516.0,0.1267605633802817,0.7464788732394366,0.7746478873239436
Erik Karlsson,2018-19,26444.5,0.06944444444444445,0.7777777777777778,1.0972222222222223
Erik Karlsson,2019-20,26380.5,0.10714285714285714,0.6071428571428571,0.9285714285714286
Erik Karlsson,2020-21,26326.5,0.15384615384615385,0.2692307692307692,0.75
Erik Karlsson,2021-22,26275.5,0.2,0.5,1.04
Erik Karlsson,2022-23,26209.5,0.3048780487804878,0.926829268292683,0.9878048780487805
Erik Karlsson,2023-24,26127.5,0.13414634146341464,0.5487804878048781,0.6097560975609756
Evan Bouchard,2018-19,52470.0,0.14285714285714285,0.0,0.42857142857142855
Evan Bouchard,2020-21,52353.5,0.14285714285714285,0.21428571428571427,0.2857142857142857
Evan Bouchard,2021-22,52298.0,0.15463917525773196,0.38144329896907214,0.4639175257731959
Evan Bouchard,2022-23,52202.5,0.1276595744680851,0.4787234042553192,0.8191489361702128
Evan Bouchard,2023-24,52482.7,0.22641509433962265,0.8490566037735849,0.7264150943396226
Evgeni Malkin,2015-16,26046.5,0.4125,0.5375,0.8875
Evgeni Malkin,2016-17,25963.0,0.4942528735632184,0.6551724137931034,0.8045977011494253
Evgeni Malkin,2017-18,25876.0,0.5287356321839081,0.6896551724137931,0.9655172413793104
Evgeni Malkin,2018-19,25796.5,0.3055555555555556,0.7361111111111112,0.9583333333333334
Evgeni Malkin,2019-20,25731.0,0.423728813559322,0.847457627118644,1.2203389830508475
Evgeni Malkin,2020-21,25683.0,0.24324324324324326,0.6486486486486487,0.7567567567567568
Evgeni Malkin,2021-22,25640.5,0.4791666666666667,0.5208333333333334,1.0
Evgeni Malkin,2022-23,25575.5,0.32926829268292684,0.6829268292682927,1.0
Evgeni Malkin,2023-24,25493.5,0.32926829268292684,0.4878048780487805,1.0975609756097562
Fabian Zetterlund,2021-22,63952.5,0.21428571428571427,0.35714285714285715,0.21428571428571427
Fabian Zetterlund,2022-23,63912.0,0.08955223880597014,0.2537313432835821,0.31343283582089554
Fabian Zetterlund,2023-24,64152.92857142857,0.2926829268292683,0.24390243902439024,0.524390243902439
Filip Forsberg,2015-16,39291.5,0.3645833333333333,0.34375,0.9375
Filip Forsberg,2016-17,39191.5,0.38461538461538464,0.3269230769230769,0.9326923076923077
Filip Forsberg,2017-18,39099.5,0.4125,0.5875,0.8
Filip Forsberg,2018-19,39024.5,0.4142857142857143,0.32857142857142857,1.0571428571428572
Filip Forsberg,2019-20,38956.0,0.3582089552238806,0.43283582089552236,0.8805970149253731
Filip Forsberg,2020-21,38900.0,0.3111111111111111,0.4666666666666667,0.6
Filip Forsberg,2021-22,38841.0,0.589041095890411,0.5753424657534246,0.8356164383561644
Filip Forsberg,2022-23,38779.5,0.38,0.46,0.68
Filip Forsberg,2023-24,38710.5,0.5681818181818182,0.5681818181818182,0.9090909090909091
Frank Vatrano,2015-16,61337.0,0.20512820512820512,0.07692307692307693,0.41025641025641024
Frank Vatrano,2016-17,61292.5,0.22,0.16,0.22
Frank Vatrano,2017-18,61247.0,0.17073170731707318,0.07317073170731707,0.2682926829268293
Frank Vatrano,2018-19,61186.0,0.2962962962962963,0.18518518518518517,0.4074074074074074
Frank Vatrano,2019-20,61110.0,0.22535211267605634,0.2535211267605634,0.4507042253521127
Frank Vatrano,2020-21,61043.5,0.3064516129032258,0.14516129032258066,0.3870967741935484
Frank Vatrano,2021-22,60967.0,0.25274725274725274,0.24175824175824176,0.3076923076923077
Frank Vatrano,2022-23,60881.0,0.2716049382716049,0.2345679012345679,0.25925925925925924
Frank Vatrano,2023-24,60799.5,0.45121951219512196,0.2804878048780488,0.3780487804878049
Gustav Nyquist,2015-16,40766.0,0.20689655172413793,0.2988505747126437,0.3793103448275862
Gustav Nyquist,2016-17,40684.5,0.15789473684210525,0.47368421052631576,0.42105263157894735
Gustav Nyquist,2017-18,40605.5,0.25609756097560976,0.23170731707317074,0.5365853658536586
Gustav Nyquist,2018-19,40514.0,0.22772277227722773,0.4752475247524752,0.5247524752475248
Gustav Nyquist,2019-20,40423.5,0.1875,0.3625,0.425
Gustav Nyquist,2021-22,40255.5,0.21951219512195122,0.4268292682926829,0.5609756097560976
Gustav Nyquist,2022-23,40186.0,0.19298245614035087,0.3684210526315789,0.5964912280701754
Gustav Nyquist,2023-24,40227.0,0.27586206896551724,0.632183908045977,0.4942528735632184
J.T. Miller,2015-16,49129.0,0.25287356321839083,0.27586206896551724,0.4827586206896552
J.T. Miller,2016-17,49038.5,0.23404255319148937,0.39361702127659576,0.574468085106383
J.T. Miller,2017-18,48942.0,0.25252525252525254,0.41414141414141414,0.5353535353535354
J.T. Miller,2018-19,48853.0,0.16455696202531644,0.45569620253164556,0.5569620253164557
J.T. Miller,2019-20,48770.5,0.38372093023255816,0.6627906976744186,0.6976744186046512
J.T. Miller,2020-21,48701.0,0.2830188679245283,0.5849056603773585,0.5471698113207547
J.T. Miller,2021-22,48634.5,0.4,0.8375,0.7
J.T. Miller,2022-23,48554.0,0.3950617283950617,0.6172839506172839,0.7160493827160493
J.T. Miller,2023-24,48466.5,0.425531914893617,0.7978723404255319,0.43617021276595747
Jack Eichel,2015-16,56034.0,0.2962962962962963,0.3950617283950617,0.5308641975308642
Jack Eichel,2016-17,55963.0,0.39344262295081966,0.5409836065573771,0.6229508196721312
Jack Eichel,2017-18,55899.0,0.373134328358209,0.582089552238806,0.5671641791044776
Jack Eichel,2018-19,55827.0,0.36363636363636365,0.7012987012987013,0.4935064935064935
Jack Eichel,2019-20,55754.5,0.5294117647058824,0.6176470588235294,0.6470588235294118
Jack Eichel,2020-21,55710.0,0.09523809523809523,0.7619047619047619,0.19047619047619047
Jack Eichel,2021-22,55682.5,0.4117647058823529,0.3235294117647059,0.7352941176470589
Jack Eichel,2022-23,55621.0,0.3707865168539326,0.6629213483146067,0.7415730337078652
Jack Eichel,2023-24,55541.5,0.4857142857142857,0.5857142857142857,0.8857142857142857
Jack Hughes,2019-20,29589.0,0.11475409836065574,0.22950819672131148,0.6885245901639344
Jack Hughes,2020-21,29530.5,0.19642857142857142,0.35714285714285715,1.0
Jack Hughes,2021-22,29478.0,0.5306122448979592,0.6122448979591837,1.0
Jack Hughes,2022-23,29408.5,0.5444444444444444,0.6777777777777778,0.7777777777777778
Jack Hughes,2023-24,29661.3,0.43548387096774194,0.7580645161290323,1.032258064516129
Jared Mccann,2015-16,59493.0,0.13043478260869565,0.13043478260869565,0.43478260869565216
Jared Mccann,2016-17,59444.0,0.034482758620689655,0.20689655172413793,0.27586206896551724
Jared Mccann,2017-18,59395.5,0.1323529411764706,0.27941176470588236,0.5735294117647058
Jared Mccann,2018-19,59321.0,0.2345679012345679,0.20987654320987653,0.4691358024691358
Jared Mccann,2019-20,59246.0,0.2028985507246377,0.3188405797101449,0.4782608695652174
Jared Mccann,2020-21,59187.0,0.2857142857142857,0.3877551020408163,0.4489795918367347
Jared Mccann,2021-22,59125.5,0.36486486486486486,0.3108108108108108,0.581081081081081
Jared Mccann,2022-23,59045.0,0.47126436781609193,0.367816091954023,0.6896551724137931
Jared Mccann,2023-24,58961.5,0.3625,0.4125,0.525
Jason Robertson,2019-20,32795.0,0.0,0.3333333333333333,0.3333333333333333
Jason Robertson,2020-21,32768.0,0.3333333333333333,0.5490196078431373,0.37254901960784315
Jason Robertson,2021-22,32702.0,0.5185185185185185,0.5061728395061729,0.6666666666666666
Jason Robertson,2022-23,32611.0,0.5247524752475248,0.7326732673267327,0.7128712871287128
Jason Robertson,2023-24,32900.8,0.3465346534653465,0.6039603960396039,0.7821782178217822
Jesper Bratt,2017-18,29100.0,0.17333333333333334,0.29333333333333333,0.3333333333333333
Jesper Bratt,2018-19,29037.0,0.1568627450980392,0.49019607843137253,0.3333333333333333
Jesper Bratt,2019-20,28981.5,0.26666666666666666,0.26666666666666666,0.3
Jesper Bratt,2020-21,28928.5,0.15217391304347827,0.5,0.3695652173913043
Jesper Bratt,2021-22,28867.5,0.34210526315789475,0.618421052631579,0.3815789473684211
Jesper Bratt,2022-23,28782.5,0.35106382978723405,0.48936170212765956,0.5212765957446809
Jesper Bratt,2023-24,29044.5,0.32926829268292684,0.6829268292682927,0.47560975609756095
Joe Pavelski,2015-16,33956.5,0.49056603773584906,0.46226415094339623,0.5377358490566038
Joe Pavelski,2016-17,33860.0,0.3563218390804598,0.47126436781609193,0.4827586206896552
Joe Pavelski,2017-18,33770.5,0.2608695652173913,0.5434782608695652,0.532608695652174
Joe Pavelski,2018-19,33680.5,0.4772727272727273,0.3522727272727273,0.5113636363636364
Joe Pavelski,2019-20,33589.5,0.2872340425531915,0.24468085106382978,0.574468085106383
Joe Pavelski,2020-21,33514.5,0.44642857142857145,0.4642857142857143,0.30357142857142855
Joe Pavelski,2021-22,33442.0,0.33707865168539325,0.6404494382022472,0.42696629213483145
Joe Pavelski,2022-23,33349.5,0.3854166666666667,0.5625,0.4166666666666667
Joe Pavelski,2023-24,33251.0,0.27722772277227725,0.42574257425742573,0.33663366336633666
Joel Eriksson Ek,2016-17,44566.5,0.16666666666666666,0.2222222222222222,0.16666666666666666
Joel Eriksson Ek,2017-18,44517.5,0.075,0.1375,0.225
Joel Eriksson Ek,2018-19,44448.5,0.1206896551724138,0.1206896551724138,0.3103448275862069
Joel Eriksson Ek,2019-20,44386.5,0.13636363636363635,0.3181818181818182,0.30303030303030304
Joel Eriksson Ek,2020-21,44322.0,0.3333333333333333,0.19047619047619047,0.3492063492063492
Joel Eriksson Ek,2021-22,44249.0,0.3493975903614458,0.30120481927710846,0.39759036144578314
Joel Eriksson Ek,2022-23,44168.0,0.2911392405063291,0.4810126582278481,0.5569620253164557
Joel Eriksson Ek,2023-24,44352.0,0.38961038961038963,0.44155844155844154,0.4805194805194805
Joel Farabee,2019-20,28293.5,0.171875,0.234375,0.375
Joel Farabee,2020-21,28234.0,0.36363636363636365,0.32727272727272727,0.4909090909090909
Joel Farabee,2021-22,28175.0,0.2698412698412698,0.2698412698412698,0.3968253968253968
Joel Farabee,2022-23,28102.5,0.18292682926829268,0.2926829268292683,0.3048780487804878
Joel Farabee,2023-24,28395.7,0.2682926829268293,0.34146341463414637,0.34146341463414637
John Carlson,2015-16,24693.5,0.19117647058823528,0.5588235294117647,0.4264705882352941
John Carlson,2016-17,24617.0,0.12941176470588237,0.35294117647058826,0.7176470588235294
John Carlson,2017-18,24521.5,0.18867924528301888,0.6415094339622641,0.7735849056603774
John Carlson,2018-19,24425.0,0.14942528735632185,0.7126436781609196,0.7241379310344828
John Carlson,2019-20,24344.5,0.20270270270270271,0.8918918918918919,0.5675675675675675
John Carlson,2020-21,24279.0,0.17543859649122806,0.631578947368421,0.43859649122807015
John Carlson,2021-22,24208.5,0.21428571428571427,0.6904761904761905,0.5238095238095238
John Carlson,2022-23,24146.5,0.225,0.5,0.525
John Carlson,2023-24,24083.5,0.12790697674418605,0.5116279069767442,0.6744186046511628
Johnny Gaudreau,2015-16,31152.0,0.379746835443038,0.6075949367088608,0.5189873417721519
Johnny Gaudreau,2016-17,31074.5,0.23684210526315788,0.5921052631578947,0.6052631578947368
Johnny Gaudreau,2017-18,30996.5,0.3,0.75,0.55
Johnny Gaudreau,2018-19,30913.0,0.41379310344827586,0.735632183908046,0.7471264367816092
Johnny Gaudreau,2019-20,30829.5,0.275,0.5375,0.5625
Johnny Gaudreau,2020-21,30761.5,0.3392857142857143,0.5357142857142857,0.4107142857142857
Johnny Gaudreau,2021-22,30686.5,0.4574468085106383,0.9148936170212766,0.648936170212766
Johnny Gaudreau,2022-23,30599.5,0.2625,0.6625,0.6125
Johnny Gaudreau,2023-24,30519.0,0.14814814814814814,0.5925925925925926,0.41975308641975306
Jonathan Marchessault,2015-16,55481.5,0.14,0.24,0.2
Jonathan Marchessault,2016-17,55419.0,0.4,0.28,0.8533333333333334
Jonathan Marchessault,2017-18,55333.0,0.36082474226804123,0.6288659793814433,0.7628865979381443
Jonathan Marchessault,2018-19,55240.0,0.3258426966292135,0.4044943820224719,0.6404494382022472
Jonathan Marchessault,2019-20,55152.5,0.29069767441860467,0.37209302325581395,0.5465116279069767
Jonathan Marchessault,2020-21,55072.5,0.32432432432432434,0.3918918918918919,0.4864864864864865
Jonathan Marchessault,2021-22,54997.5,0.39473684210526316,0.47368421052631576,0.5
Jonathan Marchessault,2022-23,54910.5,0.41836734693877553,0.41836734693877553,0.5408163265306123
Jonathan Marchessault,2023-24,54817.0,0.4943820224719101,0.3258426966292135,0.550561797752809
Jordan Kyrou,2018-19,41843.5,0.0625,0.125,0.1875
Jordan Kyrou,2019-20,41819.0,0.12121212121212122,0.15151515151515152,0.42424242424242425
Jordan Kyrou,2020-21,41773.0,0.2542372881355932,0.3559322033898305,0.576271186440678
Jordan Kyrou,2021-22,41700.5,0.3953488372093023,0.5813953488372093,0.5930232558139535
Jordan Kyrou,2022-23,41618.0,0.46835443037974683,0.45569620253164556,0.6835443037974683
Jordan Kyrou,2023-24,41865.25,0.3780487804878049,0.43902439024390244,0.6219512195121951
Josh Morrissey,2015-16,35992.0,0.0,0.0,0.0
Josh Morrissey,2016-17,35950.5,0.07317073170731707,0.17073170731707318,0.18292682926829268
Josh Morrissey,2017-18,35861.0,0.08247422680412371,0.20618556701030927,0.29896907216494845
Josh Morrissey,2018-19,35780.0,0.09230769230769231,0.4,0.5230769230769231
Josh Morrissey,2019-20,35713.0,0.07246376811594203,0.391304347826087,0.34782608695652173
Josh Morrissey,2020-21,35646.5,0.078125,0.328125,0.25
Josh Morrissey,2021-22,35575.0,0.1518987341772152,0.31645569620253167,0.3291139240506329
Josh Morrissey,2022-23,35495.0,0.19753086419753085,0.7530864197530864,0.4567901234567901
Josh Morrissey,2023-24,35411.5,0.1511627906976744,0.6976744186046512,0.5465116279069767
Kevin Fiala,2015-16,54053.0,0.2,0.0,0.0
Kevin Fiala,2016-17,54021.0,0.22033898305084745,0.0847457627118644,0.7288135593220338
Kevin Fiala,2017-18,53945.5,0.2826086956521739,0.2826086956521739,0.5543478260869565
Kevin Fiala,2018-19,53858.0,0.1566265060240964,0.3132530120481928,0.5301204819277109
Kevin Fiala,2019-20,53782.5,0.38235294117647056,0.47058823529411764,0.5294117647058824
Kevin Fiala,2020-21,53720.0,0.3684210526315789,0.3684210526315789,0.8245614035087719
Kevin Fiala,2021-22,53647.5,0.375,0.625,0.4659090909090909
Kevin Fiala,2022-23,53567.5,0.3333333333333333,0.75,0.25
Kevin Fiala,2023-24,53488.0,0.3448275862068966,0.5172413793103449,0.5402298850574713
Kirill Kaprizov,2020-21,42980.5,0.46774193548387094,0.4032258064516129,0.5161290322580645
Kirill Kaprizov,2021-22,42906.0,0.6206896551724138,0.7126436781609196,0.7126436781609196
Kirill Kaprizov,2022-23,42826.0,0.5616438356164384,0.4794520547945205,0.7123287671232876
Kirill Kaprizov,2023-24,43124.5,0.6133333333333333,0.6666666666666666,0.5066666666666667
Kirill Marchenko,2022-23,31884.0,0.3559322033898305,0.06779661016949153,0.5254237288135594
Kirill Marchenko,2023-24,32140.125,0.2948717948717949,0.24358974358974358,0.6282051282051282
Kyle Connor,2016-17,36558.5,0.1,0.15,0.55
Kyle Connor,2017-18,36502.0,0.3655913978494624,0.3548387096774194,0.5161290322580645
Kyle Connor,2018-19,36411.5,0.42045454545454547,0.38636363636363635,0.6590909090909091
Kyle Connor,2019-20,36330.0,0.5066666666666667,0.48,0.6266666666666667
Kyle Connor,2020-21,36260.5,0.453125,0.4375,0.6875
Kyle Connor,2021-22,36189.0,0.5949367088607594,0.5822784810126582,0.8354430379746836
Kyle Connor,2022-23,36106.0,0.39080459770114945,0.5747126436781609,0.5402298850574713
Kyle Connor,2023-24,36315.5,0.5285714285714286,0.4142857142857143,0.6
Leon Draisaitl,2015-16,52013.5,0.2638888888888889,0.4444444444444444,0.5555555555555556
Leon Draisaitl,2016-17,51930.0,0.3684210526315789,0.6105263157894737,0.8736842105263158
Leon Draisaitl,2017-18,51843.5,0.32051282051282054,0.5769230769230769,1.0
Leon Draisaitl,2018-19,51763.5,0.6097560975609756,0.6707317073170732,0.8658536585365854
Leon Draisaitl,2019-20,51685.0,0.6133333333333333,0.9333333333333333,0.8666666666666667
Leon Draisaitl,2020-21,51617.5,0.55,0.9333333333333333,1.0166666666666666
Leon Draisaitl,2021-22,51539.5,0.6458333333333334,0.8333333333333334,0.8958333333333334
Leon Draisaitl,2022-23,51445.5,0.7065217391304348,0.8804347826086957,0.9130434782608695
Leon Draisaitl,2023-24,51346.5,0.4811320754716981,0.8113207547169812,0.9905660377358491
Lucas Raymond,2021-22,8818.5,0.2804878048780488,0.4146341463414634,0.3170731707317073
Lucas Raymond,2022-23,8740.5,0.22972972972972974,0.3783783783783784,0.44594594594594594
Lucas Raymond,2023-24,9042.214285714286,0.3780487804878049,0.5,0.5853658536585366
Mark Scheifele,2015-16,35333.0,0.4084507042253521,0.4507042253521127,0.8591549295774648
Mark Scheifele,2016-17,35258.0,0.4050632911392405,0.6329113924050633,0.8481012658227848
Mark Scheifele,2017-18,35180.0,0.4805194805194805,0.5584415584415584,0.7272727272727273
Mark Scheifele,2018-19,35097.5,0.45454545454545453,0.5568181818181818,0.8863636363636364
Mark Scheifele,2019-20,35017.5,0.4027777777777778,0.6111111111111112,0.8055555555555556
Mark Scheifele,2020-21,34951.0,0.3770491803278688,0.7377049180327869,0.8688524590163934
Mark Scheifele,2021-22,34887.0,0.43283582089552236,0.6119402985074627,0.7313432835820896
Mark Scheifele,2022-23,34811.0,0.5058823529411764,0.3058823529411765,0.7294117647058823
Mark Scheifele,2023-24,34729.0,0.34177215189873417,0.6455696202531646,0.5949367088607594
Martin Necas,2017-18,20498.0,0.0,0.0,1.0
Martin Necas,2018-19,20494.0,0.14285714285714285,0.14285714285714285,0.42857142857142855
Martin Necas,2019-20,20454.5,0.2361111111111111,0.3194444444444444,0.3333333333333333
Martin Necas,2020-21,20386.5,0.25,0.46875,0.296875
Martin Necas,2021-22,20308.5,0.15217391304347827,0.33695652173913043,0.532608695652174
Martin Necas,2022-23,20214.0,0.32989690721649484,0.4742268041237113,0.4742268041237113
Martin Necas,2023-24,20431.5,0.3181818181818182,0.38636363636363635,0.32954545454545453
Mathew Barzal,2016-17,21233.5,0.0,0.0,0.0
Mathew Barzal,2017-18,21191.5,0.2682926829268293,0.7682926829268293,0.7926829268292683
Mathew Barzal,2018-19,21105.5,0.2222222222222222,0.5444444444444444,0.8
Mathew Barzal,2019-20,21015.5,0.26666666666666666,0.5888888888888889,0.9333333333333333
Mathew Barzal,2020-21,20933.5,0.3108108108108108,0.4864864864864865,0.4594594594594595
Mathew Barzal,2021-22,20860.0,0.2054794520547945,0.6027397260273972,0.589041095890411
Mathew Barzal,2022-23,20791.5,0.25,0.578125,0.78125
Mathew Barzal,2023-24,20997.0,0.29411764705882354,0.7058823529411765,1.011764705882353
Matias Maccelli,2021-22,46006.0,0.043478260869565216,0.21739130434782608,0.43478260869565216
Matias Maccelli,2022-23,45962.5,0.171875,0.59375,0.359375
Matias Maccelli,2023-24,46210.07142857143,0.2073170731707317,0.4878048780487805,0.2682926829268293
Matt Boldy,2021-22,43575.0,0.3018867924528302,0.4528301886792453,0.6226415094339622
Matt Boldy,2022-23,43505.0,0.3563218390804598,0.40229885057471265,0.6091954022988506
Matt Boldy,2023-24,43769.0,0.38666666666666666,0.5333333333333333,0.8133333333333334
Matt Duchene,2015-16,34651.5,0.39473684210526316,0.3815789473684211,0.5657894736842105
Matt Duchene,2016-17,34575.0,0.23376623376623376,0.2987012987012987,0.7792207792207793
Matt Duchene,2017-18,34495.5,0.32926829268292684,0.3902439024390244,0.573170731707317
Matt Duchene,2018-19,34413.0,0.43373493975903615,0.5301204819277109,0.6626506024096386
Matt Duchene,2019-20,34336.5,0.2,0.42857142857142855,0.44285714285714284
Matt Duchene,2020-21,34281.5,0.175,0.225,0.425
Matt Duchene,2021-22,34220.5,0.5609756097560976,0.5365853658536586,0.4634146341463415
Matt Duchene,2022-23,34144.0,0.30985915492957744,0.4788732394366197,0.49295774647887325
Matt Duchene,2023-24,34059.0,0.2727272727272727,0.4444444444444444,0.5252525252525253
Matthew Tkachuk,2016-17,1362.5,0.1625,0.4375,0.5125
Matthew Tkachuk,2017-18,1288.5,0.35294117647058826,0.36764705882352944,0.47058823529411764
Matthew Tkachuk,2018-19,1212.0,0.4235294117647059,0.5176470588235295,0.5294117647058824
Matthew Tkachuk,2019-20,1132.0,0.32,0.52,0.5466666666666666
Matthew Tkachuk,2020-21,1066.5,0.2857142857142857,0.48214285714285715,0.375
Matthew Tkachuk,2021-22,991.5,0.48936170212765956,0.723404255319149,0.48936170212765956
Matthew Tkachuk,2022-23,895.0,0.5151515151515151,0.8282828282828283,0.5050505050505051
Matthew Tkachuk,2023-24,1124.0,0.3076923076923077,0.75,0.46153846153846156
Mikael Granlund,2015-16,63175.5,0.1590909090909091,0.375,0.6590909090909091
Mikael Granlund,2016-17,63088.5,0.3023255813953488,0.5232558139534884,0.5465116279069767
Mikael Granlund,2017-18,63004.5,0.2682926829268293,0.5853658536585366,0.4024390243902439
Mikael Granlund,2018-19,62921.0,0.2,0.4588235294117647,0.5529411764705883
Mikael Granlund,2019-20,62845.0,0.2537313432835821,0.208955223880597,0.3582089552238806
Mikael Granlund,2020-21,62783.0,0.2631578947368421,0.2982456140350877,0.49122807017543857
Mikael Granlund,2021-22,62712.5,0.13095238095238096,0.6666666666666666,0.7261904761904762
Mikael Granlund,2022-23,62631.0,0.12658227848101267,0.3924050632911392,0.4810126582278481
Mikael Granlund,2023-24,62557.0,0.17391304347826086,0.6956521739130435,0.7101449275362319
Mike Matheson,2015-16,16330.5,0.0,0.125,0.75
Mike Matheson,2016-17,16286.0,0.08641975308641975,0.12345679012345678,0.5925925925925926
Mike Matheson,2017-18,16205.0,0.12345679012345678,0.20987654320987653,0.8395061728395061
Mike Matheson,2018-19,16127.0,0.10666666666666667,0.25333333333333335,0.8533333333333334
Mike Matheson,2019-20,16059.0,0.13114754098360656,0.19672131147540983,0.6721311475409836
Mike Matheson,2020-21,16003.5,0.1,0.22,0.46
Mike Matheson,2021-22,15938.0,0.14814814814814814,0.30864197530864196,0.5925925925925926
Mike Matheson,2022-23,15873.5,0.16666666666666666,0.5416666666666666,0.875
Mike Matheson,2023-24,15808.5,0.13414634146341464,0.6219512195121951,0.5975609756097561
Mikko Rantanen,2015-16,38011.0,0.0,0.0,0.1111111111111111
Mikko Rantanen,2016-17,37969.0,0.26666666666666666,0.24,0.6533333333333333
Mikko Rantanen,2017-18,37888.0,0.3333333333333333,0.6781609195402298,0.5632183908045977
Mikko Rantanen,2018-19,37801.5,0.43023255813953487,0.7441860465116279,0.5697674418604651
Mikko Rantanen,2019-20,37730.0,0.45614035087719296,0.631578947368421,0.7543859649122807
Mikko Rantanen,2020-21,37670.5,0.5645161290322581,0.7096774193548387,0.6451612903225806
Mikko Rantanen,2021-22,37592.0,0.43157894736842106,0.8,0.7368421052631579
Mikko Rantanen,2022-23,37500.0,0.6966292134831461,0.5955056179775281,0.7752808988764045
Mikko Rantanen,2023-24,37410.0,0.5054945054945055,0.7912087912087912,0.5604395604395604
Mitchell Marner,2016-17,6371.0,0.24096385542168675,0.5421686746987951,0.8674698795180723
Mitchell Marner,2017-18,6285.0,0.2696629213483146,0.6067415730337079,1.0674157303370786
Mitchell Marner,2018-19,6196.0,0.3146067415730337,0.7865168539325843,1.0
Mitchell Marner,2019-20,6119.5,0.25,0.859375,1.078125
Mitchell Marner,2020-21,6056.5,0.3225806451612903,0.8225806451612904,0.9193548387096774
Mitchell Marner,2021-22,5986.0,0.46835443037974683,0.8607594936708861,1.0
Mitchell Marner,2022-23,5901.0,0.3626373626373626,0.8791208791208791,1.2747252747252746
Mitchell Marner,2023-24,6134.0,0.35526315789473684,0.8026315789473685,0.8421052631578947
Nathan Mackinnon,2015-16,37328.5,0.2916666666666667,0.4305555555555556,0.3888888888888889
Nathan Mackinnon,2016-17,37251.5,0.1951219512195122,0.45121951219512196,0.573170731707317
Nathan Mackinnon,2017-18,37170.5,0.525,0.7625,0.45
Nathan Mackinnon,2018-19,37083.5,0.5,0.6914893617021277,0.5851063829787234
Nathan Mackinnon,2019-20,36994.5,0.5238095238095238,0.8809523809523809,0.5357142857142857
Nathan Mackinnon,2020-21,36923.5,0.4827586206896552,0.896551724137931,0.3793103448275862
Nathan Mackinnon,2021-22,36852.0,0.5294117647058824,0.788235294117647,0.6
Nathan Mackinnon,2022-23,36770.5,0.5769230769230769,0.9358974358974359,0.5769230769230769
Nathan Mackinnon,2023-24,36685.0,0.5913978494623656,1.064516129032258,0.5483870967741935
Nazem Kadri,2015-16,57498.5,0.2236842105263158,0.3684210526315789,0.618421052631579
Nazem Kadri,2016-17,57416.5,0.375,0.3409090909090909,0.6704545454545454
Nazem Kadri,2017-18,57330.5,0.38095238095238093,0.2976190476190476,0.5357142857142857
Nazem Kadri,2018-19,57251.0,0.22666666666666666,0.38666666666666666,0.5866666666666667
Nazem Kadri,2019-20,57180.5,0.42424242424242425,0.3939393939393939,0.36363636363636365
Nazem Kadri,2020-21,57118.5,0.1896551724137931,0.3793103448275862,0.39655172413793105
Nazem Kadri,2021-22,57046.0,0.40229885057471265,0.7701149425287356,0.4942528735632184
Nazem Kadri,2022-23,56961.5,0.2926829268292683,0.3902439024390244,0.4146341463414634
Nazem Kadri,2023-24,56879.5,0.35365853658536583,0.5609756097560976,0.6829268292682927
Nick Foligno,2015-16,48383.5,0.16666666666666666,0.3472222222222222,0.375
Nick Foligno,2016-17,48306.0,0.3132530120481928,0.3253012048192771,0.5421686746987951
Nick Foligno,2017-18,48225.5,0.21794871794871795,0.24358974358974358,0.47435897435897434
Nick Foligno,2018-19,48145.0,0.21686746987951808,0.24096385542168675,0.5180722891566265
Nick Foligno,2019-20,48065.0,0.15584415584415584,0.3246753246753247,0.5844155844155844
Nick Foligno,2020-21,48000.0,0.1320754716981132,0.2641509433962264,0.2830188679245283
Nick Foligno,2021-22,47938.0,0.028169014084507043,0.16901408450704225,0.352112676056338
Nick Foligno,2022-23,47869.5,0.16666666666666666,0.2727272727272727,0.3333333333333333
Nick Foligno,2023-24,47799.5,0.22972972972972974,0.2702702702702703,0.6351351351351351
Nick Schmaltz,2016-17,45737.0,0.09230769230769231,0.3384615384615385,0.7692307692307693
Nick Schmaltz,2017-18,45665.5,0.2692307692307692,0.3974358974358974,1.1025641025641026
Nick Schmaltz,2018-19,45606.5,0.175,0.45,0.875
Nick Schmaltz,2019-20,45551.5,0.15714285714285714,0.4857142857142857,0.7428571428571429
Nick Schmaltz,2020-21,45490.5,0.19230769230769232,0.4230769230769231,0.5
Nick Schmaltz,2021-22,45433.0,0.36507936507936506,0.5714285714285714,0.8253968253968254
Nick Schmaltz,2022-23,45370.0,0.3492063492063492,0.5714285714285714,0.9682539682539683
Nick Schmaltz,2023-24,45554.0,0.27848101265822783,0.4936708860759494,0.8354430379746836
Nick Suzuki,2019-20,14764.0,0.20987654320987653,0.38271604938271603,0.5061728395061729
Nick Suzuki,2020-21,14684.5,0.28205128205128205,0.44871794871794873,0.6282051282051282
Nick Suzuki,2021-22,14604.5,0.25609756097560976,0.4878048780487805,0.6097560975609756
Nick Suzuki,2022-23,14522.5,0.3170731707317073,0.4878048780487805,0.5121951219512195
Nick Suzuki,2023-24,14862.9,0.4024390243902439,0.5365853658536586,0.5
Nico Hischier,2017-18,30293.0,0.2413793103448276,0.367816091954023,0.6666666666666666
Nico Hischier,2018-19,30215.0,0.2463768115942029,0.43478260869565216,0.5507246376811594
Nico Hischier,2019-20,30151.5,0.2413793103448276,0.3793103448275862,0.7241379310344828
Nico Hischier,2020-21,30112.0,0.2857142857142857,0.23809523809523808,0.5714285714285714
Nico Hischier,2021-22,30066.5,0.3,0.5571428571428572,0.6428571428571429
Nico Hischier,2022-23,29985.0,0.34408602150537637,0.5913978494623656,0.7634408602150538
Nico Hischier,2023-24,30239.333333333332,0.38028169014084506,0.5633802816901409,0.7746478873239436
Nikita Kucherov,2015-16,7151.5,0.43617021276595747,0.46808510638297873,0.4574468085106383
Nikita Kucherov,2016-17,7067.5,0.5405405405405406,0.6081081081081081,0.7297297297297297
Nikita Kucherov,2017-18,6982.0,0.4742268041237113,0.7319587628865979,0.8247422680412371
Nikita Kucherov,2018-19,6891.0,0.4823529411764706,1.0470588235294118,0.7294117647058823
Nikita Kucherov,2019-20,6802.0,0.43010752688172044,0.8494623655913979,0.41935483870967744
Nikita Kucherov,2020-21,6744.0,0.34782608695652173,1.0434782608695652,0.5217391304347826
Nikita Kucherov,2021-22,6697.5,0.4714285714285714,0.9,0.5857142857142857
Nikita Kucherov,2022-23,6618.5,0.3522727272727273,1.0,0.7045454545454546
Nikita Kucherov,2023-24,6531.5,0.5116279069767442,1.244186046511628,0.7209302325581395
Noah Dobson,2019-20,21650.0,0.02857142857142857,0.17142857142857143,0.22857142857142856
Noah Dobson,2020-21,21600.0,0.046153846153846156,0.27692307692307694,0.24615384615384617
Noah Dobson,2021-22,21527.5,0.1625,0.475,0.3375
Noah Dobson,2022-23,21445.5,0.15476190476190477,0.4523809523809524,0.5
Noah Dobson,2023-24,21740.7,0.11904761904761904,0.7261904761904762,0.40476190476190477
Oliver Bjorkstrand,2015-16,60111.5,0.3333333333333333,0.3333333333333333,0.5
Oliver Bjorkstrand,2016-17,60090.0,0.1935483870967742,0.25806451612903225,0.2903225806451613
Oliver Bjorkstrand,2017-18,60030.5,0.13636363636363635,0.3522727272727273,0.32954545454545453
Oliver Bjorkstrand,2018-19,59943.0,0.28735632183908044,0.1839080459770115,0.42528735632183906
Oliver Bjorkstrand,2019-20,59870.0,0.4067796610169492,0.2542372881355932,0.6440677966101694
Oliver Bjorkstrand,2020-21,59812.5,0.32142857142857145,0.4642857142857143,0.6964285714285714
Oliver Bjorkstrand,2021-22,59744.5,0.35,0.3625,0.7125
Oliver Bjorkstrand,2022-23,59657.0,0.25263157894736843,0.30526315789473685,0.7052631578947368
Oliver Bjorkstrand,2023-24,59568.5,0.24390243902439024,0.47560975609756095,0.7682926829268293
Owen Tippett,2017-18,27820.0,0.14285714285714285,0.0,0.2857142857142857
Owen Tippett,2020-21,27635.0,0.1568627450980392,0.27450980392156865,0.4117647058823529
Owen Tippett,2021-22,27578.0,0.15873015873015872,0.1746031746031746,0.5714285714285714
Owen Tippett,2022-23,27508.0,0.35064935064935066,0.2857142857142857,0.5714285714285714
Owen Tippett,2023-24,27742.1,0.358974358974359,0.32051282051282054,0.4230769230769231
Pavel Buchnevich,2016-17,42611.5,0.17391304347826086,0.2826086956521739,0.2391304347826087
Pavel Buchnevich,2017-18,42551.5,0.1891891891891892,0.3918918918918919,0.527027027027027
Pavel Buchnevich,2018-19,42482.5,0.328125,0.265625,0.453125
Pavel Buchnevich,2019-20,42415.0,0.22535211267605634,0.4225352112676056,0.5492957746478874
Pavel Buchnevich,2020-21,42352.5,0.37037037037037035,0.5185185185185185,0.5555555555555556
Pavel Buchnevich,2021-22,42283.0,0.36470588235294116,0.6588235294117647,0.6352941176470588
Pavel Buchnevich,2022-23,42209.0,0.4126984126984127,0.6507936507936508,0.5555555555555556
Pavel Buchnevich,2023-24,42406.0,0.3375,0.45,0.5875
Philipp Kurashev,2020-21,47360.5,0.14814814814814814,0.14814814814814814,0.3333333333333333
Philipp Kurashev,2021-22,47300.0,0.08955223880597014,0.22388059701492538,0.3582089552238806
Philipp Kurashev,2022-23,47231.5,0.12857142857142856,0.22857142857142856,0.6
Philipp Kurashev,2023-24,47505.666666666664,0.24,0.48,0.5733333333333334
Quinn Hughes,2018-19,49565.0,0.0,0.6,0.6
Quinn Hughes,2019-20,49520.0,0.11764705882352941,0.6941176470588235,0.5764705882352941
Quinn Hughes,2020-21,49449.5,0.05357142857142857,0.6785714285714286,0.6071428571428571
Quinn Hughes,2021-22,49383.5,0.10526315789473684,0.7894736842105263,0.5394736842105263
Quinn Hughes,2022-23,49306.5,0.08974358974358974,0.8846153846153846,0.717948717948718
Quinn Hughes,2023-24,49587.5,0.17894736842105263,0.8947368421052632,0.49473684210526314
Rasmus Dahlin,2018-19,11108.5,0.10975609756097561,0.4268292682926829,0.4634146341463415
Rasmus Dahlin,2019-20,11038.0,0.06779661016949153,0.6101694915254238,0.2711864406779661
Rasmus Dahlin,2020-21,10980.5,0.08928571428571429,0.32142857142857145,0.23214285714285715
Rasmus Dahlin,2021-22,10912.5,0.1625,0.5,0.3375
Rasmus Dahlin,2022-23,10833.5,0.19230769230769232,0.7435897435897436,0.5769230769230769
Rasmus Dahlin,2023-24,11141.75,0.24691358024691357,0.48148148148148145,0.5185185185185185
Robert Thomas,2018-19,41205.0,0.10989010989010989,0.31868131868131866,0.4945054945054945
Robert Thomas,2019-20,41122.5,0.14864864864864866,0.4594594594594595,0.6351351351351351
Robert Thomas,2020-21,41067.0,0.08108108108108109,0.32432432432432434,0.35135135135135137
Robert Thomas,2021-22,41006.5,0.2619047619047619,0.7261904761904762,0.8452380952380952
Robert Thomas,2022-23,40928.0,0.2465753424657534,0.6438356164383562,0.9178082191780822
Robert Thomas,2023-24,41242.75,0.3170731707317073,0.7317073170731707,0.8536585365853658
Roman Josi,2015-16,40023.0,0.15789473684210525,0.5789473684210527,0.25263157894736843
Roman Josi,2016-17,39928.5,0.19148936170212766,0.4787234042553192,0.2553191489361702
Roman Josi,2017-18,39837.5,0.1590909090909091,0.48863636363636365,0.375
Roman Josi,2018-19,39749.5,0.19318181818181818,0.48863636363636365,0.4090909090909091
Roman Josi,2019-20,39669.0,0.2191780821917808,0.726027397260274,0.4931506849315068
Roman Josi,2020-21,39605.5,0.14814814814814814,0.5370370370370371,0.2777777777777778
Roman Josi,2021-22,39536.5,0.2857142857142857,0.8809523809523809,0.5833333333333334
Roman Josi,2022-23,39461.0,0.26865671641791045,0.6119402985074627,0.3582089552238806
Roman Josi,2023-24,39383.5,0.2727272727272727,0.7272727272727273,0.38636363636363635
Sam Reinhart,2015-16,702.0,0.2911392405063291,0.24050632911392406,0.24050632911392406
Sam Reinhart,2016-17,623.0,0.21518987341772153,0.379746835443038,0.31645569620253167
Sam Reinhart,2017-18,542.5,0.3048780487804878,0.3048780487804878,0.35365853658536583
Sam Reinhart,2018-19,460.5,0.2682926829268293,0.524390243902439,0.47560975609756095
Sam Reinhart,2019-20,385.0,0.3188405797101449,0.4057971014492754,0.30434782608695654
Sam Reinhart,2020-21,323.5,0.46296296296296297,0.2777777777777778,0.3148148148148148
Sam Reinhart,2021-22,252.5,0.4090909090909091,0.5681818181818182,0.48863636363636365
Sam Reinhart,2022-23,157.0,0.3786407766990291,0.39805825242718446,0.49514563106796117
Sam Reinhart,2023-24,52.5,0.6320754716981132,0.4056603773584906,0.5
Sebastian Aho,2016-17,19124.5,0.2926829268292683,0.3048780487804878,0.4878048780487805
Sebastian Aho,2017-18,19044.5,0.3717948717948718,0.46153846153846156,0.7564102564102564
Sebastian Aho,2018-19,18957.0,0.36082474226804123,0.6185567010309279,1.041237113402062
Sebastian Aho,2019-20,18870.5,0.5394736842105263,0.4868421052631579,1.0526315789473684
Sebastian Aho,2020-21,18799.0,0.44776119402985076,0.5671641791044776,0.5671641791044776
Sebastian Aho,2021-22,18719.0,0.44086021505376344,0.5483870967741935,0.9139784946236559
Sebastian Aho,2022-23,18627.5,0.45555555555555555,0.4222222222222222,0.8555555555555555
Sebastian Aho,2023-24,18874.0,0.449438202247191,0.6853932584269663,0.6179775280898876
Seth Jarvis,2021-22,19484.5,0.24390243902439024,0.34146341463414637,0.3048780487804878
Seth Jarvis,2022-23,19395.0,0.1958762886597938,0.30927835051546393,0.4742268041237113
Seth Jarvis,2023-24,19729.928571428572,0.41304347826086957,0.41304347826086957,0.5217391304347826
Sidney Crosby,2015-16,25400.5,0.40384615384615385,0.5961538461538461,0.5865384615384616
Sidney Crosby,2016-17,25299.0,0.5252525252525253,0.6464646464646465,0.5555555555555556
Sidney Crosby,2017-18,25202.5,0.40425531914893614,0.7659574468085106,0.5425531914893617
Sidney Crosby,2018-19,25114.0,0.42168674698795183,0.7951807228915663,0.6506024096385542
Sidney Crosby,2019-20,25050.0,0.4,0.7111111111111111,0.6
Sidney Crosby,2020-21,24997.0,0.4098360655737705,0.639344262295082,0.9016393442622951
Sidney Crosby,2021-22,24929.0,0.44,0.8133333333333334,0.5733333333333334
Sidney Crosby,2022-23,24850.5,0.4024390243902439,0.7317073170731707,0.7195121951219512
Sidney Crosby,2023-24,24768.5,0.5121951219512195,0.6341463414634146,0.8902439024390244
Steven Stamkos,2015-16,8582.5,0.46153846153846156,0.358974358974359,0.5769230769230769
Steven Stamkos,2016-17,8535.0,0.5294117647058824,0.6470588235294118,0.8823529411764706
Steven Stamkos,2017-18,8479.0,0.35789473684210527,0.7157894736842105,0.35789473684210527
Steven Stamkos,2018-19,8388.5,0.5348837209302325,0.627906976744186,0.36046511627906974
Steven Stamkos,2019-20,8316.5,0.5172413793103449,0.6379310344827587,0.41379310344827586
Steven Stamkos,2020-21,8257.0,0.4098360655737705,0.4426229508196721,0.18032786885245902
Steven Stamkos,2021-22,8174.5,0.5096153846153846,0.6923076923076923,0.3269230769230769
Steven Stamkos,2022-23,8079.0,0.41379310344827586,0.5977011494252874,0.3563218390804598
Steven Stamkos,2023-24,7993.5,0.5357142857142857,0.5,0.2857142857142857
Tage Thompson,2017-18,12339.0,0.07317073170731707,0.14634146341463414,0.4878048780487805
Tage Thompson,2018-19,12286.0,0.1076923076923077,0.07692307692307693,0.36923076923076925
Tage Thompson,2019-20,12253.0,0.0,0.0,1.0
Tage Thompson,2020-21,12233.5,0.21052631578947367,0.15789473684210525,0.34210526315789475
Tage Thompson,2021-22,12175.5,0.48717948717948717,0.38461538461538464,0.6282051282051282
Tage Thompson,2022-23,12097.5,0.6025641025641025,0.6025641025641025,0.5512820512820513
Tage Thompson,2023-24,12294.666666666666,0.4084507042253521,0.38028169014084506,0.39436619718309857
Tim Stutzle,2020-21,13443.0,0.22641509433962265,0.32075471698113206,0.37735849056603776
Tim Stutzle,2021-22,13377.0,0.27848101265822783,0.45569620253164556,0.4810126582278481
Tim Stutzle,2022-23,13298.5,0.5,0.6538461538461539,0.782051282051282
Tim Stutzle,2023-24,13584.5,0.24,0.6933333333333334,0.64
Travis Konecny,2016-17,27280.5,0.15714285714285714,0.24285714285714285,0.37142857142857144
Travis Konecny,2017-18,27202.0,0.28735632183908044,0.26436781609195403,0.3793103448275862
Travis Konecny,2018-19,27117.5,0.2926829268292683,0.3048780487804878,0.4634146341463415
Travis Konecny,2019-20,27035.5,0.2926829268292683,0.5365853658536586,0.4146341463414634
Travis Konecny,2020-21,26969.5,0.22,0.46,0.32
Travis Konecny,2021-22,26905.0,0.20253164556962025,0.45569620253164556,0.27848101265822783
Travis Konecny,2022-23,26835.5,0.5166666666666667,0.5,0.5666666666666667
Travis Konecny,2023-24,27060.5,0.4342105263157895,0.4605263157894737,0.6973684210526315
Troy Terry,2017-18,61705.5,0.0,0.0,0.0
Troy Terry,2018-19,61688.5,0.125,0.28125,0.4375
Troy Terry,2019-20,61649.0,0.0851063829787234,0.23404255319148937,0.6595744680851063
Troy Terry,2020-21,61601.5,0.14583333333333334,0.2708333333333333,0.3958333333333333
Troy Terry,2021-22,61540.0,0.49333333333333335,0.4,0.4666666666666667
Troy Terry,2022-23,61467.5,0.32857142857142857,0.5428571428571428,0.6142857142857143
Troy Terry,2023-24,61653.166666666664,0.2631578947368421,0.4473684210526316,0.5921052631578947
Vince Dunn,2017-18,60603.0,0.06666666666666667,0.25333333333333335,0.38666666666666666
Vince Dunn,2018-19,60516.5,0.14285714285714285,0.29591836734693877,0.2755102040816326
Vince Dunn,2019-20,60427.5,0.1125,0.2125,0.175
Vince Dunn,2020-21,60366.0,0.13953488372093023,0.32558139534883723,0.23255813953488372
Vince Dunn,2021-22,60308.0,0.0958904109589041,0.3835616438356164,0.3424657534246575
Vince Dunn,2022-23,60224.0,0.15789473684210525,0.5894736842105263,0.5789473684210527
Vince Dunn,2023-24,60515.333333333336,0.1864406779661017,0.5932203389830508,0.5084745762711864
Vincent Trocheck,2015-16,17745.5,0.32051282051282054,0.3717948717948718,0.6282051282051282
Vincent Trocheck,2016-17,17665.5,0.2804878048780488,0.3780487804878049,0.7682926829268293
Vincent Trocheck,2017-18,17583.5,0.3780487804878049,0.5365853658536586,0.7926829268292683
Vincent Trocheck,2018-19,17515.0,0.18181818181818182,0.43636363636363634,1.0
Vincent Trocheck,2019-20,17452.5,0.15714285714285714,0.4142857142857143,0.8571428571428571
Vincent Trocheck,2020-21,17389.5,0.3392857142857143,0.48214285714285715,0.3392857142857143
Vincent Trocheck,2021-22,17314.0,0.28421052631578947,0.35789473684210527,0.6526315789473685
Vincent Trocheck,2022-23,17222.0,0.25842696629213485,0.47191011235955055,0.6741573033707865
Vincent Trocheck,2023-24,17128.5,0.336734693877551,0.6530612244897959,0.6428571428571429
William Eklund,2021-22,63312.0,0.0,0.4444444444444444,0.2222222222222222
William Eklund,2022-23,63303.5,0.25,0.125,0.125
William Eklund,2023-24,63514.07142857143,0.2,0.3625,0.3
William Karlsson,2015-16,56798.0,0.1111111111111111,0.13580246913580246,0.5185185185185185
William Karlsson,2016-17,56714.5,0.09302325581395349,0.23255813953488372,0.3953488372093023
William Karlsson,2017-18,56620.5,0.49019607843137253,0.4215686274509804,0.9901960784313726
William Karlsson,2018-19,56525.0,0.29213483146067415,0.39325842696629215,0.9662921348314607
William Karlsson,2019-20,56439.0,0.2289156626506024,0.4457831325301205,0.8072289156626506
William Karlsson,2020-21,56360.0,0.24,0.49333333333333335,0.5466666666666666
William Karlsson,2021-22,56289.0,0.1791044776119403,0.34328358208955223,0.6567164179104478
William Karlsson,2022-23,56203.5,0.2403846153846154,0.4326923076923077,0.6538461538461539
William Karlsson,2023-24,56113.0,0.38961038961038963,0.4155844155844156,0.5714285714285714
William Nylander,2015-16,5768.5,0.2727272727272727,0.3181818181818182,0.7272727272727273
William Nylander,2016-17,5714.0,0.26436781609195403,0.4827586206896552,0.7471264367816092
William Nylander,2017-18,5626.0,0.23595505617977527,0.4943820224719101,0.8089887640449438
William Nylander,2018-19,5551.0,0.13114754098360656,0.36065573770491804,0.6065573770491803
William Nylander,2019-20,5484.0,0.4520547945205479,0.410958904109589,0.5753424657534246
William Nylander,2020-21,5418.5,0.3793103448275862,0.4827586206896552,0.6206896551724138
William Nylander,2021-22,5345.5,0.42045454545454547,0.5681818181818182,0.6931818181818182
William Nylander,2022-23,5255.0,0.4731182795698925,0.5698924731182796,0.8494623655913979
William Nylander,2023-24,5165.5,0.5,0.6744186046511628,0.8023255813953488
Yegor Sharangovich,2020-21,57799.5,0.2962962962962963,0.25925925925925924,0.7037037037037037
Yegor Sharangovich,2021-22,57734.5,0.3157894736842105,0.2894736842105263,0.631578947368421
Yegor Sharangovich,2022-23,57657.5,0.16666666666666666,0.21794871794871795,0.5512820512820513
Yegor Sharangovich,2023-24,57955.833333333336,0.3780487804878049,0.34146341463414637,0.4268292682926829
Zach Werenski,2016-17,31666.0,0.14814814814814814,0.4444444444444444,0.3333333333333333
Zach Werenski,2017-18,31584.0,0.20481927710843373,0.27710843373493976,0.43373493975903615
Zach Werenski,2018-19,31496.5,0.13043478260869565,0.41304347826086957,0.4891304347826087
Zach Werenski,2019-20,31414.0,0.2876712328767123,0.3150684931506849,0.5068493150684932
Zach Werenski,2020-21,31360.0,0.2,0.37142857142857144,0.2857142857142857
Zach Werenski,2021-22,31308.5,0.16176470588235295,0.5441176470588235,0.5735294117647058
Zach Werenski,2022-23,31268.0,0.23076923076923078,0.38461538461538464,1.0769230769230769
Zach Werenski,2023-24,31484.0,0.15714285714285714,0.6571428571428571,0.5
